{"loss":{"0":4.82558918,"1":4.890598774,"2":5.1847901344,"3":4.8335051537,"4":4.8054866791,"5":4.9569940567,"6":947.3551635742,"7":119740240.0,"8":436379850899456.0,"9":1.142350728e+24},"accuracy":{"0":0.7773073316,"1":0.7648411393,"2":0.78223598,"3":0.7179156542,"4":0.7549652457,"5":0.7397558093,"6":-2.23559618,"7":-872.1857299805,"8":-1705999.75,"9":-128541442048.0},"nodes":{"0":2,"1":4,"2":8,"3":16,"4":32,"5":64,"6":128,"7":256,"8":512,"9":1024}}