{"loss":{"0":4.6528058052,"1":4.7668571472,"2":4.8578567505,"3":4.825425148,"4":4.8482103348,"5":4.8831076622,"6":4.9346709251,"7":4.9414057732,"8":4.8713798523,"9":5.1152181625,"10":4.7395105362,"11":4.8754439354,"12":5.0470881462,"13":4.9031057358,"14":4.9916696548,"15":4.8269968033,"16":4.8889245987,"17":4.8078479767,"18":4.973988533,"19":4.8977527618,"20":5.1444087029,"21":4.8056559563,"22":4.9275612831,"23":4.9952712059,"24":4.9678139687,"25":5.1256279945,"26":4.8671379089,"27":4.9652638435,"28":4.9563922882,"29":5.0146079063,"30":4.9971327782,"31":4.8529949188,"32":4.837990284,"33":4.9683170319,"34":4.7688994408,"35":4.8590040207,"36":4.9314193726,"37":4.7831392288,"38":4.9769172668,"39":4.8342614174,"40":4.9391832352,"41":4.9278287888,"42":4.8905324936,"43":4.9469852448,"44":5.0090637207,"45":4.9719409943,"46":4.9014792442,"47":5.0330061913,"48":4.8991060257,"49":7.727189064,"50":5.0924549103,"51":6.1020483971,"52":4.9398789406,"53":4.894056797,"54":4.8786091805,"55":10.7114534378,"56":4.9737052917,"57":4.8309254646,"58":5.89585495,"59":4.8988046646,"60":4.8636674881,"61":4.8209161758,"62":4.8687868118,"63":4.9556436539,"64":4.9005570412,"65":4.923166275,"66":10.4509029388,"67":10.638756752,"68":4.9516086578,"69":4.9307689667,"70":7.1744127274,"71":10.4716262817,"72":4.7348914146,"73":4.9476113319,"74":10.8492259979,"75":7.4263319969,"76":4.8550009727,"77":5.1943650246,"78":10.4491043091,"79":5.2729334831,"80":10.3961353302,"81":4.928290844,"82":5.1428194046,"83":10.3896389008,"84":10.3872804642,"85":10.2949562073,"86":4.955037117,"87":10.3979330063,"88":7.8780961037,"89":7.0537834167,"90":10.4251899719,"91":10.1728286743,"92":11.3990879059,"93":10.6182794571,"94":10.4307260513,"95":5.7871370316,"96":5.2745604515,"97":10.285410881,"98":10.4273586273},"accuracy":{"0":0.7491160631,"1":0.7706460357,"2":0.7821049094,"3":0.7750099897,"4":0.7608569264,"5":0.7693283558,"6":0.7682355642,"7":0.7576925755,"8":0.7376213074,"9":0.7573019266,"10":0.7601977587,"11":0.7626186013,"12":0.7638244629,"13":0.75337255,"14":0.755228579,"15":0.7593236566,"16":0.7630565166,"17":0.7650721073,"18":0.7714976072,"19":0.7737674713,"20":0.7533611059,"21":0.7503421307,"22":0.7316914201,"23":0.8071269393,"24":0.7499652505,"25":0.7491868734,"26":0.7468038797,"27":0.769315958,"28":0.7482448816,"29":0.7671875954,"30":0.7543153763,"31":0.7516109347,"32":0.7504422069,"33":0.7406568527,"34":0.7269749641,"35":0.729678154,"36":0.7558841705,"37":0.7670718431,"38":0.7497545481,"39":0.7690269351,"40":0.755461812,"41":0.7305153608,"42":0.75383991,"43":0.7676644325,"44":0.7590056658,"45":0.7656757236,"46":0.7566918135,"47":0.7754561901,"48":0.7680290341,"49":0.5654316545,"50":0.7522120476,"51":0.5935790539,"52":0.7555207014,"53":0.813713491,"54":0.7563736439,"55":0.3864551783,"56":0.751583457,"57":0.7447170019,"58":0.6442456245,"59":0.722900331,"60":0.7572500706,"61":0.7471174598,"62":0.7677198052,"63":0.7613353729,"64":0.7550221682,"65":0.7512298226,"66":0.3742278218,"67":0.4731975794,"68":0.7700756788,"69":0.7173377275,"70":0.4138076305,"71":0.3780596852,"72":0.7801350355,"73":0.7566370368,"74":0.3910119534,"75":0.3854119182,"76":0.7639502287,"77":0.7462866902,"78":0.3763877153,"79":0.695858717,"80":0.3741276264,"81":0.7682241201,"82":0.7687925696,"83":0.3735043406,"84":0.3650963902,"85":0.3625594378,"86":0.804089427,"87":0.3742976785,"88":0.4721979499,"89":0.5079106092,"90":0.3757644296,"91":0.3490536809,"92":0.4070375562,"93":0.3832381368,"94":0.3760939837,"95":0.6794133186,"96":0.800339818,"97":0.3592415452,"98":0.3749939799},"layers":{"0":2,"1":3,"2":4,"3":5,"4":6,"5":7,"6":8,"7":9,"8":10,"9":11,"10":12,"11":13,"12":14,"13":15,"14":16,"15":17,"16":18,"17":19,"18":20,"19":21,"20":22,"21":23,"22":24,"23":25,"24":26,"25":27,"26":28,"27":29,"28":30,"29":31,"30":32,"31":33,"32":34,"33":35,"34":36,"35":37,"36":38,"37":39,"38":40,"39":41,"40":42,"41":43,"42":44,"43":45,"44":46,"45":47,"46":48,"47":49,"48":50,"49":51,"50":52,"51":53,"52":54,"53":55,"54":56,"55":57,"56":58,"57":59,"58":60,"59":61,"60":62,"61":63,"62":64,"63":65,"64":66,"65":67,"66":68,"67":69,"68":70,"69":71,"70":72,"71":73,"72":74,"73":75,"74":76,"75":77,"76":78,"77":79,"78":80,"79":81,"80":82,"81":83,"82":84,"83":85,"84":86,"85":87,"86":88,"87":89,"88":90,"89":91,"90":92,"91":93,"92":94,"93":95,"94":96,"95":97,"96":98,"97":99,"98":100}}